round,test_acc,test_loss,train_loss,val_loss,train_acc,val_acc
0,0.8252,0.8816250698089599,0.9057434793522485,0.9062987218823346,0.8191447368421052,0.8171929824561404
