round,test_acc,test_loss,train_loss,val_loss,train_acc,val_acc
0,0.719,1.0085401950836181,1.0226720276788686,1.0170875655251475,0.7161901600478132,0.716796811670166
1,0.8604,0.43978399391174317,0.45171506605495254,0.4600456745425216,0.8565243535740196,0.8520657054817906
