round,test_acc,test_loss,train_loss,val_loss,train_acc,val_acc
0,0.2017,2.2687948055267335,2.3073890027709436,2.3075259119910987,0.0987833569595413,0.09839352182000341
1,0.2539,2.1845271617889406,2.259938920733749,2.260395989244478,0.18036586022936327,0.18000739794698248
2,0.2361,2.149364185333252,2.1774004213730738,2.1776974366378665,0.25298800630048285,0.2542658503194878
3,0.2373,2.0866015266418456,2.1429750300419794,2.1436747310721653,0.22200552898450576,0.21966409655295938
4,0.3007,2.1142868938446044,2.0669776065682153,2.0686042070859405,0.2507936811633306,0.24937775937373693
5,0.2046,2.197939825820923,2.0761125807636893,2.0773819337393427,0.3066731351678621,0.3099580403341137
6,0.1749,2.8169497688293457,2.1827330520113,2.184876246729653,0.23305297248351825,0.2304191543817771
