round,test_acc,test_loss,train_loss,val_loss,train_acc,val_acc
0,0.2191,2.2083272666931153,2.2117060374503015,2.211504848676749,0.21607588280438803,0.21387191221289403
1,0.4089,2.097722560119629,2.098801365576137,2.098754395832113,0.41399998773355245,0.41721499453281885
