round,test_acc,test_loss,train_loss,val_acc
0,0.1001,3.097431392288208,3.092849228034674,5.004
