round,test_acc,test_loss,train_loss,val_acc
0,0.3328,2.035466774559021,2.0333462439455565,16.2719999653101
