round,test_acc,test_loss,train_loss,val_acc
0,0.8807,0.44520099935531615,0.46418335599714694,41.02000002702077
