round,test_acc,test_loss,train_loss,val_acc
0,0.3683,2.062383032798767,2.0579383907596385,21.20433814210905
