round,test_acc,test_loss,train_loss,val_acc
0,0.2927,2.039278717803955,2.0360966440596537,17.583159487258243
1,0.3846,2.0066643491744993,1.9971077685077343,21.726878763220782
