round,test_acc,test_loss,train_loss,val_acc
0,0.8832,0.44314667119979856,0.4619503617712936,41.006666676998144
1,0.913,0.3000480807065964,0.31516000842342634,41.6199999944369
